SKU*,UPC/EAN
01MMSA100,9322190021582
27AHW,
27AHW_5pk,
450020,
4GFP,9328202016096
AC1615,9328202012555
AC907X2,9328202013668
ADPL42,9328202014962
ALSDP101,9328202019585
ALSDR101,9328202019592
AV212,9328202009593
BC72474,9311313526165
BMR3X,9328202015259
BNWP01,9328202021793
BNWP01B,9328202021809
C720AC,9328202022462
C720AC_3PK,
CE650,9328202001887
CI620,
COMBO20,9328202012708
CPB2,9328202011930
CR1620,4902580131333
CR1620_10pk,
CR1620_2pk,
CR1620_5pk,
CR2032,
CR2032_10PK_1,
CR2032_5PK_1,
CSH01,9328202013255
DAB17C,9328202001320
DAD51,9328202015754
DHF42PC,9328202017383
DHF72SM,9328202014085
DHG1500,9328202013330
DM1000,9328202004116
DM8100,9328202004055
DPS300,9328202015556
DTC2,9328202009395
ELHH100,9328202019325
EP17,9328202001085
EX2601,
EXPKIC6,9316603996956
FL59Q-2PF,9328202009807
FL6Q-1.5PF,9328202015082
GH1374,
GS2K,9328202001986
GSP3K,9328202001979
H2SPC5L,9328202001047
HD1603,9328202020123
HDC6ECO,9328202018540
HDC6L,9328202019103
HDC6WP,9328202017956
HDCP2214,9328202018953
HDMI16SPEDID,9328202019158
HDMI2FLEX,9328202011749
HDMI8SPEDID,9328202019110
HDMI8SPV2,
HL3WS,9328202001153
HL3WS_2PK,Does Not Apply
HLV0986,9328202005434
HLV1140,9328202008756
HLVF2,9328202008114
HLVF3,9328202008121
HLVF5,9328202008138
HLVR10,9328202008466
HLVR30,9328202013439
HP17,9328202001092
HR04,9328202020024
HTR-2067,4957812557887
HTR-2071B,4957812616560
HTR-3071,
HTR-4071,4957812616850
IA313,9328202003546
IPDCRH,
IPLC1GD,9328202019790
IPLC1GRAY,9328202019813
IPLC1SLV,9328202019806
IPLT35,9328202001023
K9-1MB,9328202000897
L24G4,6926130588253
LA1052,9328202000491
LC6163,9328202017536
LC6612B,9328202010094
LC6618B,9328202010117
LC6621B,9328202013002
LC6621B_3pk,
LC7112B,9328202002518
LC7218,9328202008510
LCD01AB,9328202007841
LCD07B,9328202010513
LCD08B,9328202007872
LCD09B,9328202007889
LCD20B,9328202012814
LCDCM2B,9328202010506
LCDP11B,9328202007902
LCDP16B,9328202009548
LCDP18B,9328202011916
LCDP21B,9328202012821
LCDP25B,9328202015532
LCDPB1B,9328202007926
LCS14V,9328202018144
LCT8,9328202024787
LR03T20B,Does Not Apply
LR03T20B_2PK,Does Not Apply
LR03T20B_3PK,Does Not Apply
LR44TWIN,4902580131401
LR6T,4984824089228
LSDECK35R-4RGB,9314892999214
LSSTRIP12COL,Does Not Apply
LV1110,9328202000002
LV1117,9328202011756
MB-3518,9319236850565
MDT02,9328202019202
MICRO2,
MLED140,9328202013323
MMT24V2,9328202019196
MMT24V2_3PK,9328202019196
MN1604B1,41333116013
MPM01,
MRC03V2,9328202001139
N4-1,9328202013507
NF3468,9328202017857
NF468,9328202017796
NF468PT,9328202018779
NF801R,9328202017789
NF8108,9328202017772
NS-AW194B,4957812498142
NS-AW294B,4957812498104
NSIC600,4957812486255
NSIC800,4957812486286
PA005,9328202003959
PA1060,9319236016695
PA1060_2PK,
PA1061,9319236071007
PA1061_2PK,
PA1905,9316634518219
PD2920,9328202013910
PDX-B11-BL,
PDX-B11-BLK,
PDX-B11-BLK_T2C,
PIN150,9328202003911
PIN300USB,9928202019631
PJT40,
PK4640,9328202023377
PK4686,
PK4706,9328202023605
PK4706_2PK,
PK4706_4PK,
PPIN150USB,9328202015624
PR3860,9328202011510
PR3860_2PK,9328202011510
PRO1030,9328202007131
PRO1030_4PK,
PRO1183,9328202007087
PRO1188AS,9328202007384
PRO1211,9328202014948
PRO1237,9328202013286
PRO1255,9328202007681
PRO1273,9328202015426
PRO1310,9328202012005
PRO1326,9328202015204
PRO1327,9328202015211
PRO1328,9328202015389
PRO1351WP,9328202016546
PRO1362D,9328202017260
PRO1369,9328202001306
PS12120,
PS1250,813340010406
PS1270,813340010000
PS640,813340010116
PT9822,9318054498225
RE03,
REVBNWP,9328202021823
RF900EP,9328202021922
RF900SP,9328202021885
RFD2169IR,9328202015600
RFIDCC,9312794040010
RFIDCC_2PK,9312794040010
RFIDPP,9312794040027
RFIDPP_2PK,9312794040027
RFIDPP_RFIDCC_COMBO,
RFL10W,9328202016515
RFMX3IR,9328202007353
RL-BT510,9328202020567
RL-BT600,9328202020185
RLDM1102M,9328202020109
RX-V583B,4957812616942
RX-V683,4957812617611
RXV383,
RXV681,
SA-25,9328202021021
SDP32,9328202019608
SDPB511,9328202019615
SM1202,9328202009722
SM1205,9328202006486
SM1250,9328202009012
SM2030,9328202018786
SM2440,9328202013279
SM528,9328202003492
SM530,9328202003492
SM568BLACK,
SM568WHITE,
SP929,9328202008350
SPB81B,9328202007506
SPC5RX,9328202001030
SPKB1,9328202006073
SR626SW,4902580131159
SRT5432,9336910001747
STADIUM12A,9328202014191
STB14HD,9328202015570
STUDIO6W,9328202006400
UP2,9328202016621
USB3HDMI,9328202023148
UWA-SB,
WDH11,9328202012746
WDH11SP,9328202021892
WS602,
XLN609,9328202015495
YAS-107,4957812619912
YAS-207,4957812620000
YAS-306,4957812607155
YSP-1600BMK2,9316603996789
ZD415,9328202013309
ZD415H,9328202013415
ZD552,9328202013316
ZD709-80,9328202012548
ZD8916ESD,9328202019172
ZD929C,9328202002068